player_id,first_name,last_name
0,Kimberly,Brocker
1,Jeffrey,Berrios
2,Deborah,Keever
3,Linda,Caul
4,William,Macauley
5,Ryan,Cole
6,Latisha,Fegley
7,Bette,Mayer
8,Natalie,Bell
9,David,Hall
10,Erica,Boatman
11,Patricia,Webb
12,Jonathan,Velasco
13,Lillie,Butler
14,Ola,Mallory
15,Veronica,Yokley
16,Preston,Distaffen
17,Patrick,Beachum
18,Catherine,Harris
19,Kathy,Allen
20,Lee,Mccray
21,Ronald,Perez
22,Jennifer,Howard
23,Jimmy,Doran
24,Ruth,Hoffman
25,Donna,Wallace
26,Grace,Harper
27,Kathryn,Schiavo
28,Shannon,Spencer
29,Iris,Smith
30,Anna,Hadlock
31,Harold,Johnson
32,Robert,Harper
33,John,Watts
34,Dorthea,Trongone
35,Gail,Ramsey
36,Lorraine,Frank
37,Roseanne,Blocker
38,Peter,Baker
39,Victoria,Malloy
40,Annette,Jones
41,Rachel,Clark
42,Tammy,Calloway
43,Beatriz,Tucker
44,Billy,Spaniel
45,Lisa,Hanna
46,Dawn,Miller
47,Ken,Casey
48,Vicki,Mehta
49,Daniel,Gavin
50,Brandon,Puckett
51,Earnest,Freudenburg
52,Mary,Mcduffie
53,Fred,Kelley
54,Matilde,Derrick
55,Marian,Alcala
56,Maria,Donald
57,Herbert,Schepis
58,Diane,Cordero
59,Abraham,White
60,Naomi,Cook
61,Matthew,Nieto
62,Philip,Turner
63,Robert,Martin
64,Tomas,Lamb
65,Trena,Jones
66,Judith,Booker
67,Eugene,Harvey
68,Armand,Lozano
69,Virgie,Franklin
70,Leisha,Wingate
71,Patricia,Cole
72,William,Chung
73,James,Gilpin
74,Catherine,Grubbs
75,Felicia,Mack
76,Denise,Nesbit
77,Andrew,Johnson
78,Steven,Petrowski
79,Randy,Lovejoy
80,Lee,Price
81,Robert,Cochran
82,Marcos,Tellis
83,Chad,Lucas
84,Katherine,Dupree
85,Donna,Noel
86,Seth,Wyatt
87,Terese,Adams
88,Timothy,Bosworth
89,John,Whatley
90,Maria,Cardinal
91,Vern,Sweigart
92,Benjamin,Shorey
93,Anthony,Alleman
94,Beverly,Allard
95,Jeffrey,Phillips
96,David,Holt
97,James,Jones
98,Dollie,June
99,Michael,Irvin
100,Kathleen,Scott
101,William,Longnecker
102,Fairy,Speedy
103,Donald,Mack
104,Justin,Linderman
105,Jason,Austin
106,Travis,Mercuri
107,Clifford,Mitchell
108,Coleman,Hill
109,Michael,Neal
110,Cody,Vincent
111,Ray,Wharton
112,Renae,Jones
113,Misty,Moon
114,Dana,Srour
115,Karen,Jackson
116,Norma,Wilson
117,Philip,Reitan
118,Lucille,Johnson
119,Janice,Sanders
120,Erica,Arzu
121,William,Goodspeed
122,Helen,Johnson
123,Julie,Avenoso
124,Mary,Litaker
125,Alan,Fischer
126,James,Johnson
127,Jamie,Strahm
128,James,Payne
129,Maria,Emerson
130,Dorothy,Johnson
131,Robert,Reilly
132,Billy,Thompson
133,William,Evans
134,Paul,Shiever
135,Rodney,Petros
136,Philip,Mark
137,Deborah,Dobson
138,Karen,Lewis
139,Mary,Black
140,Virginia,Baker
141,Rachelle,Bilbao
142,Duane,Ambres
143,Robert,Sweeney
144,Carri,Harkness
145,William,Hinson
146,Arthur,Brewer
147,Vernon,Latney
148,John,Renken
149,Thomas,Harrell
150,Judy,Watts
151,Luis,Zollars
152,Mabel,Berger
153,Crystal,Jennings
154,James,Snow
155,Allan,Marrero
156,Brooke,Brown
157,Henry,Peterson
158,Tiffany,Watson
159,Matthew,Campbell
160,Eleanor,Mecca
161,Clayton,Workman
162,Sandra,Yingling
163,Marilyn,Gutierrez
164,Joyce,Daniels
165,David,Wilcox
166,Shelby,Delacruz
167,Alison,Dowling
168,Sean,Cribbin
169,Kelley,Remillard
170,Sheila,Holloway
171,Felton,Ames
172,Laurette,Meyer
173,Angela,Suarez
174,Eric,Brink
175,Tracy,Clark
176,Jerry,Gregory
177,Daniel,Phelps
178,Kendrick,Caruso
179,Beth,Meyers
180,Erin,Payne
181,Nellie,Fernandez
182,Kathleen,Wolfe
183,Jack,Disher
184,Margaret,Hensley
185,Terry,Lee
186,Kenneth,Johnson
187,Louise,Shores
188,Carlos,Weatherford
189,Kevin,Marcus
190,Ruth,Swartz
191,Craig,Tatum
192,Thomas,Allen
193,Mark,Gramm
194,Mertie,Henderson
195,Joseph,Clement
196,Bruce,Haley
197,Charlie,Lloyd
198,Leroy,Slenker
199,Elsie,Miller
